{
    "etchings": [
        {
            "name": "DRAGON",
            "weight": 5,
            "min-value": 9,
            "max-value": 20,
            "lore-text": "LoreText here",
            "effect-text": "+50% Damage and grants Elytra",
            "color": 1123214,
            "icon": "the_vault:textures/gui/modifiers/silent.png"
        },
        {
            "name": "RIFT",
            "weight": 3,
            "min-value": 11,
            "max-value": 20,
            "lore-text": "LoreText here",
            "effect-text": "+50% Cooldown Reduction",
            "color": 2323113,
            "icon": "the_vault:textures/item/rift.png"
        },
        {
            "name": "GOLEM",
            "weight": 3,
            "min-value": 11,
            "max-value": 20,
            "lore-text": "LoreText here",
            "effect-text": "+20% Resistance Cap",
            "color": 2324241,
            "icon": "the_vault:textures/gui/modifiers/silent.png"
        }
    ]
}