{
  "groupStyles": {
    "Storage": {
      "group": "Storage",
      "headerColor": -10758712,
      "headerTextColor": -1,
      "x": -10,
      "y": -25,
      "boxWidth": 170,
      "boxHeight": 145,
      "icon": {
        "u": 0,
        "v": 0
      }
    },
    "VaultUtils": {
      "group": "VaultUtils",
      "headerColor": -14336,
      "headerTextColor": -1,
      "x": 180,
      "y": 295,
      "boxWidth": 170,
      "boxHeight": 145,
      "icon": {
        "u": 16,
        "v": 0
      }
    },
    "Power": {
      "group": "Power",
      "headerColor": -1498590,
      "headerTextColor": -1,
      "x": 370,
      "y": -25,
      "boxWidth": 170,
      "boxHeight": 145,
      "icon": {
        "u": 64,
        "v": 0
      }
    },
    "Farming": {
      "group": "Farming",
      "headerColor": -10626048,
      "headerTextColor": -1,
      "x": -10,
      "y": 135,
      "boxWidth": 170,
      "boxHeight": 145,
      "icon": {
        "u": 32,
        "v": 0
      }
    },
    "Processing": {
      "group": "Processing",
      "headerColor": -13479226,
      "headerTextColor": -1,
      "x": 180,
      "y": 135,
      "boxWidth": 170,
      "boxHeight": 145,
      "icon": {
        "u": 48,
        "v": 0
      }
    },
    "Base": {
      "group": "Base",
      "headerColor": -2196693,
      "headerTextColor": -1,
      "x": 370,
      "y": 135,
      "boxWidth": 170,
      "boxHeight": 145,
      "icon": {
        "u": 80,
        "v": 0
      }
    },
    "Decoration": {
      "group": "Decoration",
      "headerColor": -2474012,
      "headerTextColor": -1,
      "x": 180,
      "y": -25,
      "boxWidth": 170,
      "boxHeight": 145,
      "icon": {
        "u": 96,
        "v": 0
      }
    }
  }
}