{
  "levelMetas": [
    {
      "level": 0,
      "tnl": 10000
    },
    {
      "level": 1,
      "tnl": 10500
    },
    {
      "level": 2,
      "tnl": 11000
    },
    {
      "level": 3,
      "tnl": 11500
    },
    {
      "level": 4,
      "tnl": 12000
    },
    {
      "level": 5,
      "tnl": 12500
    },
    {
      "level": 6,
      "tnl": 13000
    },
    {
      "level": 7,
      "tnl": 13500
    },
    {
      "level": 8,
      "tnl": 14000
    },
    {
      "level": 9,
      "tnl": 14500
    },
    {
      "level": 10,
      "tnl": 15000
    },
    {
      "level": 11,
      "tnl": 15500
    },
    {
      "level": 12,
      "tnl": 16000
    },
    {
      "level": 13,
      "tnl": 16500
    },
    {
      "level": 14,
      "tnl": 17000
    },
    {
      "level": 15,
      "tnl": 17500
    },
    {
      "level": 16,
      "tnl": 18000
    },
    {
      "level": 17,
      "tnl": 18500
    },
    {
      "level": 18,
      "tnl": 19000
    },
    {
      "level": 19,
      "tnl": 19500
    },
    {
      "level": 20,
      "tnl": 20000
    },
    {
      "level": 21,
      "tnl": 20500
    },
    {
      "level": 22,
      "tnl": 21000
    },
    {
      "level": 23,
      "tnl": 21500
    },
    {
      "level": 24,
      "tnl": 22000
    },
    {
      "level": 25,
      "tnl": 22500
    },
    {
      "level": 26,
      "tnl": 23000
    },
    {
      "level": 27,
      "tnl": 23500
    },
    {
      "level": 28,
      "tnl": 24000
    },
    {
      "level": 29,
      "tnl": 24500
    },
    {
      "level": 30,
      "tnl": 25000
    },
    {
      "level": 31,
      "tnl": 25500
    },
    {
      "level": 32,
      "tnl": 26000
    },
    {
      "level": 33,
      "tnl": 26500
    },
    {
      "level": 34,
      "tnl": 27000
    },
    {
      "level": 35,
      "tnl": 27500
    },
    {
      "level": 36,
      "tnl": 28000
    },
    {
      "level": 37,
      "tnl": 28500
    },
    {
      "level": 38,
      "tnl": 29000
    },
    {
      "level": 39,
      "tnl": 29500
    },
    {
      "level": 40,
      "tnl": 30000
    },
    {
      "level": 41,
      "tnl": 30500
    },
    {
      "level": 42,
      "tnl": 31000
    },
    {
      "level": 43,
      "tnl": 31500
    },
    {
      "level": 44,
      "tnl": 32000
    },
    {
      "level": 45,
      "tnl": 32500
    },
    {
      "level": 46,
      "tnl": 33000
    },
    {
      "level": 47,
      "tnl": 33500
    },
    {
      "level": 48,
      "tnl": 34000
    },
    {
      "level": 49,
      "tnl": 34500
    },
    {
      "level": 50,
      "tnl": 35000
    },
    {
      "level": 51,
      "tnl": 35500
    },
    {
      "level": 52,
      "tnl": 36000
    },
    {
      "level": 53,
      "tnl": 36500
    },
    {
      "level": 54,
      "tnl": 37000
    },
    {
      "level": 55,
      "tnl": 37500
    },
    {
      "level": 56,
      "tnl": 38000
    },
    {
      "level": 57,
      "tnl": 38500
    },
    {
      "level": 58,
      "tnl": 39000
    },
    {
      "level": 59,
      "tnl": 39500
    },
    {
      "level": 60,
      "tnl": 40000
    },
    {
      "level": 61,
      "tnl": 40500
    },
    {
      "level": 62,
      "tnl": 41000
    },
    {
      "level": 63,
      "tnl": 41500
    },
    {
      "level": 64,
      "tnl": 42000
    },
    {
      "level": 65,
      "tnl": 42500
    },
    {
      "level": 66,
      "tnl": 43000
    },
    {
      "level": 67,
      "tnl": 43500
    },
    {
      "level": 68,
      "tnl": 44000
    },
    {
      "level": 69,
      "tnl": 44500
    },
    {
      "level": 70,
      "tnl": 45000
    },
    {
      "level": 71,
      "tnl": 45500
    },
    {
      "level": 72,
      "tnl": 46000
    },
    {
      "level": 73,
      "tnl": 46500
    },
    {
      "level": 74,
      "tnl": 47000
    },
    {
      "level": 75,
      "tnl": 47500
    },
    {
      "level": 76,
      "tnl": 48000
    },
    {
      "level": 77,
      "tnl": 48500
    },
    {
      "level": 78,
      "tnl": 49000
    },
    {
      "level": 79,
      "tnl": 49500
    }
  ]
}